{
  "version": 1,
  "width": 120,
  "height": 25,
  "duration": 100.147343,
  "command": null,
  "title": null,
  "env": {
    "TERM": "xterm-256color",
    "SHELL": "/bin/bash"
  },
  "stdout": [
    [
      0.367863,
      "\u001b[?1034hbash-3.2$ "
    ],
    [
      1.290811,
      "c"
    ],
    [
      0.072102,
      "d"
    ],
    [
      0.223135,
      " "
    ],
    [
      0.215944,
      "/"
    ],
    [
      0.70421,
      "U"
    ],
    [
      0.235392,
      "s"
    ],
    [
      0.263888,
      "ers/"
    ],
    [
      0.940872,
      "s"
    ],
    [
      0.581539,
      "o"
    ],
    [
      0.07566,
      "r"
    ],
    [
      0.114783,
      "j"
    ],
    [
      0.08621,
      "ami/"
    ],
    [
      1.077341,
      "s"
    ],
    [
      0.2455,
      "how-n-tell/"
    ],
    [
      0.912288,
      "w"
    ],
    [
      0.063358,
      "e"
    ],
    [
      0.170453,
      "bpack/"
    ],
    [
      1.64515,
      "\r\n"
    ],
    [
      0.000234,
      "bash-3.2$ "
    ],
    [
      0.598343,
      "m"
    ],
    [
      0.060139,
      "k"
    ],
    [
      0.143733,
      "d"
    ],
    [
      0.105358,
      "i"
    ],
    [
      0.100884,
      "r"
    ],
    [
      0.120148,
      " "
    ],
    [
      0.58928,
      "s"
    ],
    [
      0.087076,
      "r"
    ],
    [
      0.287099,
      "c"
    ],
    [
      0.710898,
      "\r\n"
    ],
    [
      0.009664,
      "bash-3.2$ "
    ],
    [
      0.378563,
      "t"
    ],
    [
      0.11674,
      "o"
    ],
    [
      0.394048,
      "u"
    ],
    [
      0.118932,
      "c"
    ],
    [
      0.124043,
      "h"
    ],
    [
      0.246932,
      " "
    ],
    [
      0.419984,
      "s"
    ],
    [
      0.087363,
      "r"
    ],
    [
      0.261597,
      "c"
    ],
    [
      0.227392,
      "/"
    ],
    [
      3.002739,
      "i"
    ],
    [
      0.114936,
      "n"
    ],
    [
      0.10406,
      "d"
    ],
    [
      0.091975,
      "e"
    ],
    [
      0.242295,
      "x"
    ],
    [
      0.107282,
      "."
    ],
    [
      0.509404,
      "j"
    ],
    [
      0.09594,
      "s"
    ],
    [
      1.735361,
      "\r\n"
    ],
    [
      0.009482,
      "bash-3.2$ "
    ],
    [
      7.521049,
      "p"
    ],
    [
      0.091112,
      "b"
    ],
    [
      0.092014,
      "p"
    ],
    [
      0.151092,
      "a"
    ],
    [
      0.103659,
      "s"
    ],
    [
      0.199224,
      "t"
    ],
    [
      0.032184,
      "e"
    ],
    [
      0.18201,
      " "
    ],
    [
      0.243996,
      ">"
    ],
    [
      0.103928,
      " "
    ],
    [
      1.497657,
      "s"
    ],
    [
      0.079828,
      "r"
    ],
    [
      0.135356,
      "c/"
    ],
    [
      0.142849,
      "index.js "
    ],
    [
      1.714597,
      "\r\n"
    ],
    [
      0.030222,
      "bash-3.2$ "
    ],
    [
      0.631766,
      "c"
    ],
    [
      0.150175,
      "a"
    ],
    [
      0.139932,
      "t"
    ],
    [
      0.099809,
      " "
    ],
    [
      0.151963,
      "s"
    ],
    [
      0.075893,
      "r"
    ],
    [
      0.207515,
      "c/"
    ],
    [
      0.188525,
      "index.js "
    ],
    [
      0.622056,
      "\r\n"
    ],
    [
      0.003275,
      "import React from 'react'\r\nimport ReactDOM from 'react-dom'\r\nimport App from './App'\r\nReactDOM.render(<App />, document.getElementById('app'))"
    ],
    [
      0.000373,
      "bash-3.2$ "
    ],
    [
      8.571913,
      "\u001b[H\u001b[2Jbash-3.2$ "
    ],
    [
      0.665848,
      "n"
    ],
    [
      0.112975,
      "a"
    ],
    [
      0.075691,
      "n"
    ],
    [
      0.04435,
      "o"
    ],
    [
      0.132086,
      " "
    ],
    [
      0.984089,
      "."
    ],
    [
      0.099681,
      "b"
    ],
    [
      0.193621,
      "a"
    ],
    [
      0.19487,
      "b"
    ],
    [
      0.180524,
      "e"
    ],
    [
      0.088007,
      "l"
    ],
    [
      0.404239,
      "r"
    ],
    [
      0.325639,
      "c"
    ],
    [
      2.767395,
      "\r\n"
    ],
    [
      0.133729,
      "\u001b[?1049h\u001b[1;25r\u001b(B\u001b[m\u001b[4l\u001b[?7h\u001b[?1h\u001b=\u001b[?1h\u001b=\u001b[?1h\u001b=\u001b[?25l"
    ],
    [
      0.007081,
      "\u001b[39;49m\u001b[39;49m\u001b(B\u001b[m\u001b[H\u001b[2J\u001b[23;55H\u001b(B\u001b[0;7m[ New File ]\u001b(B\u001b[m"
    ],
    [
      0.004731,
      "\u001b[H\u001b(B\u001b[0;7m  GNU nano 2.9.2 \u001b[42b.babelrc \u001b[51b \u001b[1;119H\u001b(B\u001b[m"
    ],
    [
      2.7e-05,
      "\r\u001b[24d\u001b(B\u001b[0;7m^G\u001b(B\u001b[m Get Help    \u001b(B\u001b[0;7m^O\u001b(B\u001b[m Write Out   \u001b(B\u001b[0;7m^W\u001b(B\u001b[m Where Is    \u001b(B\u001b[0;7m^K\u001b(B\u001b[m Cut Text    \u001b(B\u001b[0;7m^J\u001b(B\u001b[m Justify     \u001b(B\u001b[0;7m^C\u001b(B\u001b[m Cur Pos     \u001b(B\u001b[0;7mM-U\u001b(B\u001b[m Undo\u001b[106G\u001b(B\u001b[0;7mM-A\u001b(B\u001b[m Mark Text\r\u001b[25d\u001b(B\u001b[0;7m^X\u001b(B\u001b[m Exit\u001b[25;16H\u001b(B\u001b[0;7m^R\u001b(B\u001b[m Read File   \u001b(B\u001b[0;7m^\\\u001b(B\u001b[m Replace     \u001b(B\u001b[0;7m^U\u001b(B\u001b[m Uncut Text  \u001b(B\u001b[0;7m^T\u001b(B\u001b[m To Spell    \u001b(B\u001b[0;7m^_\u001b(B\u001b[m Go To Line  \u001b(B\u001b[0;7mM-E\u001b(B\u001b[m Redo\u001b[106G"
    ],
    [
      1.6e-05,
      "\u001b(B\u001b[0;7mM-6\u001b(B\u001b[m Copy Text\r\u001b[23d"
    ],
    [
      0.000163,
      "\u001b[3d\u001b[39;49m\u001b(B\u001b[m\u001b[?12l\u001b[?25h"
    ],
    [
      1.394353,
      "\u001b[?25l"
    ],
    [
      0.00014,
      "\u001b[1;111H\u001b(B\u001b[0;7mModified\u001b(B\u001b[m"
    ],
    [
      0.000495,
      "\r\u001b[3d{\u001b[?12l\u001b[?25h"
    ],
    [
      2.132224,
      "\u001b[?25l"
    ],
    [
      0.000213,
      "\u001b[4d\b\u001b[?12l\u001b[?25h"
    ],
    [
      0.275146,
      "\u001b[?25l"
    ],
    [
      3.9e-05,
      "    \u001b[?12l\u001b[?25h"
    ],
    [
      1.140912,
      "\u001b[?25l"
    ],
    [
      4.1e-05,
      "\"\u001b[?12l\u001b[?25h"
    ],
    [
      0.23947,
      "\u001b[?25l"
    ],
    [
      3.1e-05,
      "p\u001b[?12l\u001b[?25h"
    ],
    [
      0.119073,
      "\u001b[?25l"
    ],
    [
      2.5e-05,
      "r\u001b[?12l\u001b[?25h"
    ],
    [
      0.073561,
      "\u001b[?25l"
    ],
    [
      3.1e-05,
      "e\u001b[?12l\u001b[?25h"
    ],
    [
      0.218323,
      "\u001b[?25l"
    ],
    [
      3.8e-05,
      "s\u001b[?12l\u001b[?25h"
    ],
    [
      0.036107,
      "\u001b[?25le\u001b[?12l\u001b[?25h"
    ],
    [
      0.570154,
      "\u001b[?25l"
    ],
    [
      3.9e-05,
      "t\u001b[?12l\u001b[?25h"
    ],
    [
      0.087573,
      "\u001b[?25l"
    ],
    [
      3.9e-05,
      "s\u001b[?12l\u001b[?25h"
    ],
    [
      0.597169,
      "\u001b[?25l"
    ],
    [
      3.9e-05,
      ":\u001b[?12l\u001b[?25h"
    ],
    [
      0.635728,
      "\u001b[?25l"
    ],
    [
      4.1e-05,
      "\b \b\u001b[?12l\u001b[?25h"
    ],
    [
      0.279749,
      "\u001b[?25l"
    ],
    [
      4.1e-05,
      "\"\u001b[?12l\u001b[?25h"
    ],
    [
      0.284115,
      "\u001b[?25l"
    ],
    [
      3.6e-05,
      ":\u001b[?12l\u001b[?25h"
    ],
    [
      0.736016,
      "\u001b[?25l"
    ],
    [
      3.5e-05,
      " \u001b[?12l\u001b[?25h"
    ],
    [
      1.269057,
      "\u001b[?25l"
    ],
    [
      4e-05,
      "[\u001b[?12l\u001b[?25h"
    ],
    [
      0.801369,
      "\u001b[?25l"
    ],
    [
      3.9e-05,
      " \u001b[?12l\u001b[?25h"
    ],
    [
      0.218439,
      "\u001b[?25l"
    ],
    [
      3.1e-05,
      "\"\u001b[?12l\u001b[?25h"
    ],
    [
      0.262163,
      "\u001b[?25l"
    ],
    [
      3.8e-05,
      "e\u001b[?12l\u001b[?25h"
    ],
    [
      0.047808,
      "\u001b[?25l"
    ],
    [
      6.9e-05,
      "s\u001b[?12l\u001b[?25h"
    ],
    [
      0.282372,
